Workbook

Sheet Presupuesto
A1: ID | B1: Categoria | C1: Partida | D1: Descripcion | E1: Cantidad | F1: Unidad | G1: Costo unitario | H1: Costo total | I1: Tipo costo | J1: Criticidad | K1: Validacion requerida | L1: Observacion
A2: P-001 | B2: Diagnostico | C2: Levantamiento tecnico | D2: Visitas, mediciones y validacion documental | E2: 12 | F2: jornada | G2: 3500000 | H2: =E2*G2 | I2: Servicio | J2: Alta | K2: No | L2: Base para planificacion
A3: P-002 | B3: Ingenieria | C3: Analisis de protecciones | D3: Revision de ajustes y coordinacion de protecciones | E3: 1 | F3: paquete | G3: 115000000 | H3: =E3*G3 | I3: Servicio | J3: Alta | K3: Si | L3: Requiere validacion tecnica
A4: P-003 | B4: Equipos | C4: Modulo de control | D4: Componente de control y comunicacion | E4: 4 | F4: unidad | G4: 185000000 | H4: =E4*G4 | I4: Capex | J4: Alta | K4: Si | L4: Sujeto a disponibilidad proveedor
A5: P-004 | B5: Equipos | C5: Protecciones digitales | D5: Reemplazo de equipos priorizados | E5: 6 | F5: unidad | G5: 92000000 | H5: =E5*G5 | I5: Capex | J5: Alta | K5: Si | L5: Debe conciliarse con inventario
A6: P-005 | B6: Obra y montaje | C6: Instalacion especializada | D6: Montaje, pruebas e integracion | E6: 1 | F6: paquete | G6: 485000000 | H6: =E6*G6 | I6: Servicio | J6: Alta | K6: Si | L6: Depende de ventanas operativas
A7: P-006 | B7: SST | C7: Plan de seguridad | D7: EPP, permisos, capacitaciones y supervision | E7: 1 | F7: paquete | G7: 86000000 | H7: =E7*G7 | I7: Servicio | J7: Alta | K7: No | L7: No sustituye aprobaciones SST
A8: P-007 | B8: Ambiental | C8: Gestion ambiental | D8: Manejo de residuos y controles preventivos | E8: 1 | F8: paquete | G8: 62000000 | H8: =E8*G8 | I8: Servicio | J8: Media | K8: No | L8: Requiere registro de evidencias
A9: P-008 | B9: Comunicaciones | C9: Comunicacion a comunidad | D9: Piezas, mensajes, canal de atencion y seguimiento | E9: 1 | F9: paquete | G9: 38000000 | H9: =E9*G9 | I9: Servicio | J9: Media | K9: No | L9: Ajustar con comunicaciones
A10: P-009 | B10: Gestion de proyecto | C10: PMO y seguimiento | D10: Planeacion, control, informes y comite | E10: 8 | F10: mes | G10: 27000000 | H10: =E10*G10 | I10: Servicio | J10: Media | K10: No | L10: Duracion estimada
A11: P-010 | B11: Contingencia | C11: Reserva preliminar | D11: Reserva para variaciones del alcance validado | E11: 1 | F11: paquete | G11: 514000000 | H11: =E11*G11 | I11: Reserva | J11: Alta | K11: Si | L11: Uso requiere autorizacion
A12: TOTAL | H12: =SUM(H2:H11)

Sheet Cronograma
A1: ID | B1: Fase | C1: Actividad | D1: Inicio estimado | E1: Fin estimado | F1: Duracion dias | G1: Dependencia | H1: Responsable rol | I1: Estado | J1: Criticidad | K1: Observaciones
A2: C-001 | B2: Inicio | C2: Aprobacion de inicio | D2: 2026-08-18 | E2: 2026-08-22 | F2: =E2-D2+1 | G2: Comite directivo | H2: Patrocinador | I2: Pendiente | J2: Alta | K2: Fecha sujeta a agenda
A3: C-002 | B3: Diagnostico | C3: Levantamiento en sitio | D3: 2026-08-25 | E3: 2026-09-12 | F3: =E3-D3+1 | G3: C-001 | H3: Equipo tecnico | I3: Pendiente | J3: Alta | K3: Requiere acceso coordinado
A4: C-003 | B4: Diagnostico | C4: Revision documental e inventario | D4: 2026-08-25 | E4: 2026-09-18 | F4: =E4-D4+1 | G4: C-001 | H4: Operacion | I4: Pendiente | J4: Media | K4: Puede avanzar en paralelo
A5: C-004 | B5: Ingenieria | C5: Analisis de protecciones | D5: 2026-09-15 | E5: 2026-10-10 | F5: =E5-D5+1 | G5: C-002 | H5: Ingenieria | I5: Pendiente | J5: Alta | K5: Depende de mediciones
A6: C-005 | B6: Compras | C6: Confirmacion disponibilidad equipos | D6: 2026-09-22 | E6: 2026-10-24 | F6: =E6-D6+1 | G6: C-004 | H6: Abastecimiento | I6: Pendiente | J6: Alta | K6: Riesgo por tiempos proveedor
A7: C-006 | B7: Comunicaciones | C7: Plan comunidad y usuarios | D7: 2026-10-01 | E7: 2026-10-20 | F7: =E7-D7+1 | G7: C-001 | H7: Comunicaciones | I7: Pendiente | J7: Media | K7: Debe validarse con operaciones
A8: C-007 | B8: Ejecucion | C8: Montaje e integracion | D8: 2026-11-03 | E8: 2026-12-15 | F8: =E8-D8+1 | G8: C-005 | H8: Contratista | I8: Pendiente | J8: Alta | K8: Ventanas de intervencion por definir
A9: C-008 | B9: Pruebas | C9: Pruebas funcionales | D9: 2026-12-16 | E9: 2027-01-12 | F9: =E9-D9+1 | G9: C-007 | H9: Ingenieria | I9: Pendiente | J9: Alta | K9: Incluye pruebas de comunicacion
A10: C-009 | B10: Cierre | C10: Documentacion y lecciones aprendidas | D10: 2027-01-15 | E10: 2027-02-05 | F10: =E10-D10+1 | G10: C-008 | H10: PMO | I10: Pendiente | J10: Media | K10: Cierre documental

Sheet Resumen
A1: Resumen del presupuesto y cronograma
A3: Presupuesto total | B3: =Presupuesto!H12
A4: Partidas con criticidad alta | B4: =COUNTIF(Presupuesto!J2:J11,"Alta")
A5: Actividades críticas | B5: =COUNTIF(Cronograma!J2:J10,"Alta")
A6: Fecha inicio estimada | B6: =MIN(Cronograma!D2:D10)
A7: Fecha fin estimada | B7: =MAX(Cronograma!E2:E10)
A9: Categorias | B9: Costo
A10: Diagnostico | B10: 42000000
A11: Ingenieria | B11: 115000000
A12: Equipos | B12: 1292000000
A13: Obra y montaje | B13: 485000000
A14: SST | B14: 86000000
A15: Ambiental | B15: 62000000
A16: Comunicaciones | B16: 38000000
A17: Gestion de proyecto | B17: 216000000
A18: Contingencia | B18: 514000000
